Pilot,,,,,,,,,,
1 (0),"""Pilot""","Bill Bailey
Kit Hesketh-Harvey
Eddie Izzard",Bill Bailey,N/A,,https://vk.com/videos-18564830?section=album_40812189&z=video-18564830_170651394%2Fclub18564830%2Calbum-18564830_40812189%2Fpl_album_40812189,https://vk.com/videos-18564830?section=album_40812189&z=video-18564830_170716563%2Fclub18564830%2Calbum-18564830_40812189%2Fpl_album_40812189,,,
Series A,,,,,,,,,,
1 (1),"""Adam""","Danny Baker
Hugh Laurie
John Sessions",Danny Baker,11/09/2003,,,https://vk.com/videos-18564830?section=album_40812189&z=video-18564830_161191179%2Fclub18564830%2Calbum-18564830_40812189%2Fpl_album_40812189,,,
2 (2),"""Astronomy""","Bill Bailey
Rich Hall
Jeremy Hardy",Rich Hall and Jeremy Hardy,18/09/2003,,,https://vk.com/videos-18564830?section=album_40812189&z=video-18564830_456239068%2Fclub18564830%2Fpl_-18564830_40812189,,,
3 (3),"""Aquatic Animals""","Clive Anderson
Bill Bailey
Meera Syal",Clive Anderson,25/09/2003,,,https://vk.com/videos-18564830?section=album_40812189&z=video-18564830_161191177%2Fclub18564830%2Calbum-18564830_40812189%2Fpl_album_40812189,,,
4 (4),"""Atoms""","Jo Brand
Howard Goodall
Jeremy Hardy",Jo Brand,02/10/2003,,,https://vk.com/videos-18564830?section=album_40812189&z=video-18564830_161191175%2Fclub18564830%2Calbum-18564830_40812189%2Fpl_album_40812189,,,
5 (5),"""Advertising""","Gyles Brandreth
Rob Brydon
Rich Hall",Gyles Brandreth,09/10/2003,,,https://vk.com/videos-18564830?section=album_40812189&z=video-18564830_161191173%2Fclub18564830%2Calbum-18564830_40812189%2Fpl_album_40812189,,,
6 (6),"""Antidotes""","Danny Baker
Jo Brand
Howard Goodall",Danny Baker,16/10/2003,,,https://vk.com/videos-18564830?section=album_40812189&z=video-18564830_161191170%2Fclub18564830%2Calbum-18564830_40812189%2Fpl_album_40812189,,,
7 (7),"""Arthropods""","Jo Brand
Jimmy Carr
Jackie Clune",Jackie Clune,23/10/2003,,,https://vk.com/videos-18564830?section=album_40812189&z=video-18564830_163297743%2Fclub18564830%2Calbum-18564830_40812189%2Fpl_album_40812189,,,
8 (8),"""Albania""","Clive Anderson
Sean Lock
Linda Smith",Clive Anderson,30/10/2003,,,https://vk.com/videos-18564830?section=album_40812189&z=video-18564830_161191168%2Fclub18564830%2Calbum-18564830_40812189%2Fpl_album_40812189,,,
9 (9),"""Antelopes / Africa""","Jo Brand
Dave Gorman
Jeremy Hardy",Dave Gorman,06/11/2003,,,https://vk.com/videos-18564830?section=album_40812189&z=video-18564830_161191166%2Fclub18564830%2Calbum-18564830_40812189%2Fpl_album_40812189,,,
10 (10),"""Aviation""","Rich Hall
Julia Morris
Peter Serafinowicz",Alan Davies,13/11/2003,,,https://vk.com/videos-18564830?section=album_40812189&z=video-18564830_161191165%2Fclub18564830%2Calbum-18564830_40812189%2Fpl_album_40812189,,,
11 (11),"""Arts""","Bill Bailey
Richard E. Grant
Linda Smith",Richard E. Grant,20/11/2003,,,https://vk.com/videos-18564830?section=album_40812189&z=video-18564830_161191164%2Fclub18564830%2Calbum-18564830_40812189%2Fpl_album_40812189,,,
12 (12),"""Advent""","Phill Jupitus
Sean Lock
John Sessions",John Sessions,23/12/2003,Christmas,,https://vk.com/videos-18564830?section=album_40812189&z=video-18564830_161191162%2Fclub18564830%2Calbum-18564830_40812189%2Fpl_album_40812189,,,
Series B,,,,,,,,,,
1 (13),"""Blue""","Bill Bailey
Jo Brand
Sean Lock",Sean Lock,08/10/2004,,,https://vk.com/videos-18564830?section=album_40812203&z=video-18564830_161191157%2Fclub18564830%2Calbum-18564830_40812203%2Fpl_album_40812203,,,
2 (14),"""Birds""","Jo Brand
Rich Hall
Phil Kay",Rich Hall,08/10/2004,,,https://vk.com/videos-18564830?section=album_40812203&z=video-18564830_161191156%2Fclub18564830%2Calbum-18564830_40812203%2Fpl_album_40812203,,,
3 (15),"""Bombs""","Clive Anderson
Rich Hall
Phill Jupitus",Phill Jupitus,15/10/2004,,,https://vk.com/videos-18564830?section=album_40812203&z=video-18564830_161191155%2Fclub18564830%2Calbum-18564830_40812203%2Fpl_album_40812203,,,
4 (16),"""Bible""","Jeremy Clarkson
Barry Cryer
Jeremy Hardy",Jeremy Clarkson,22/10/2004,,,https://vk.com/videos-18564830?section=album_40812203&z=video-18564830_162419654%2Fclub18564830%2Calbum-18564830_40812203%2Fpl_album_40812203,,,
5 (17),"""Bears""","Bill Bailey
Jo Brand
Jimmy Carr",Jimmy Carr,29/10/2004,,,https://vk.com/videos-18564830?section=album_40812203&z=video-18564830_161191153%2Fclub18564830%2Calbum-18564830_40812203%2Fpl_album_40812203,,,
6 (18),"""Beavers""","Bill Bailey
Sean Lock
Anneka Rice",Anneka Rice,05/11/2004,,,https://vk.com/videos-18564830?section=album_40812203&z=video-18564830_161191152%2Fclub18564830%2Calbum-18564830_40812203%2Fpl_album_40812203,,,
7 (19),"""Biscuits""","Rich Hall
Dara Ó Briain
Arthur Smith",Dara Ó Briain,12/11/2004,,,https://vk.com/videos-18564830?section=album_40812203&z=video-18564830_161191151%2Fclub18564830%2Calbum-18564830_40812203%2Fpl_album_40812203,,,
8 (20),"""Bees""","Jo Brand
Rich Hall
Fred MacAulay",Rich Hall,19/11/2004,,,https://vk.com/videos-18564830?section=album_40812203&z=video-18564830_161191148%2Fclub18564830%2Calbum-18564830_40812203%2Fpl_album_40812203,,,
9 (21),"""Bats""","Rich Hall
Josie Lawrence
John Sessions",Rich Hall and Josie Lawrence,26/11/2004,,,https://vk.com/videos-18564830?section=album_40812203&z=video-18564830_161191146%2Fclub18564830%2Calbum-18564830_40812203%2Fpl_album_40812203,,,
10 (22),"""Bills""","Clive Anderson
Phil Kay
John Sessions",Clive Anderson,03/12/2004,,,https://vk.com/videos-18564830?section=album_40812203&z=video-18564830_161191145%2Fclub18564830%2Calbum-18564830_40812203%2Fpl_album_40812203,,,
11 (23),"""Beats""","Mark Gatiss
Sean Lock
Linda Smith",Linda Smith,10/12/2004,,,https://vk.com/videos-18564830?section=album_40812203&z=video-18564830_161191143%2Fclub18564830%2Calbum-18564830_40812203%2Fpl_album_40812203,,,
12 (24),"""Birth""","Rich Hall
Phill Jupitus
Mark Steel",Rich Hall,17/12/2004,Christmas,,https://vk.com/videos-18564830?section=album_40812203&z=video-18564830_161191142%2Fclub18564830%2Calbum-18564830_40812203%2Fpl_album_40812203,,,
Series C,,,,,,,,,,
1 (25),"""Campanology""","Bill Bailey
Rob Brydon
Rich Hall",Rich Hall,30/09/2005,,,https://vk.com/videos-18564830?section=album_40812216&z=video-18564830_163088000%2Fclub18564830%2Calbum-18564830_40812216%2Fpl_album_40812216,,,
2 (26),"""Cummingtonite""","Andy Hamilton
Doon Mackichan
Arthur Smith",Andy Hamilton,30/09/2005,,,https://vk.com/videos-18564830?section=album_40812216&z=video-18564830_163087997%2Fclub18564830%2Calbum-18564830_40812216%2Fpl_album_40812216,,,
3 (27),"""Common Knowledge""","Jimmy Carr
Sean Lock
Rory McGrath",Rory McGrath,07/10/2005,,,https://vk.com/videos-18564830?section=album_40812216&z=video-18564830_163087998%2Fclub18564830%2Calbum-18564830_40812216%2Fpl_album_40812216,,,
4 (28),"""Cheating""","Alexander Armstrong
Jeremy Clarkson
John Sessions",Alexander Armstrong,14/10/2005,,,https://vk.com/videos-18564830?section=album_40812216&z=video-18564830_163137863%2Fclub18564830%2Calbum-18564830_40812216%2Fpl_album_40812216,,,
5 (29),"""Cat's Eyes""","Jo Brand
Rich Hall
Sean Lock",Sean Lock,21/10/2005,,,https://vk.com/videos-18564830?section=album_40812216&z=video-18564830_163138355%2Fclub18564830%2Calbum-18564830_40812216%2Fpl_album_40812216,,,
6 (30),"""Cockneys""","Bill Bailey
Phill Jupitus
Rory McGrath",Bill Bailey,28/10/2005,,,https://vk.com/videos-18564830?section=album_40812216&z=video-18564830_163139252%2Fclub18564830%2Calbum-18564830_40812216%2Fpl_album_40812216,,,
7 (31),"""Constellations""","Jeremy Clarkson
Rich Hall
Sean Lock",Jeremy Clarkson,04/11/2005,,,https://vk.com/videos-18564830?section=album_40812216&z=video-18564830_163171417%2Fclub18564830%2Calbum-18564830_40812216%2Fpl_album_40812216,,,
8 (32),"""Corby""","Bill Bailey
Phill Jupitus
David Mitchell",David Mitchell,11/11/2005,,,https://vk.com/videos-18564830?section=album_40812216&z=video-18564830_163171448%2Fclub18564830%2Calbum-18564830_40812216%2Fpl_album_40812216,,,
9 (33),"""Creatures""","Helen Atkinson-Wood
Bill Bailey
Andy Hamilton",Helen Atkinson-Wood,18/11/2005,,,https://vk.com/videos-18564830?section=album_40812216&z=video-18564830_163171483%2Fclub18564830%2Calbum-18564830_40812216%2Fpl_album_40812216,,,
10 (34),"""Cleve Crudgington""","Clive Anderson
John Sessions
Mark Steel",Mark Steel,25/11/2005,,,https://vk.com/videos-18564830?section=album_40812216&z=video-18564830_163259024%2Fclub18564830%2Calbum-18564830_40812216%2Fpl_album_40812216,,,
11 (35),"""Carnival""","Clive Anderson
Jo Brand
Phill Jupitus",Clive Anderson,02/12/2005,,,https://vk.com/videos-18564830?section=album_40812216&z=video-18564830_163259080%2Fclub18564830%2Calbum-18564830_40812216%2Fpl_album_40812216,,,
12 (36),"""Combustion""","Bill Bailey
Phill Jupitus
Dara Ó Briain",Bill Bailey,09/12/2005,,,https://vk.com/videos-18564830?section=album_40812216&z=video-18564830_163221986%2Fclub18564830%2Calbum-18564830_40812216%2Fpl_album_40812216,,,
Series D,,,,,,,,,,
1 (37),"""Danger""","Jo Brand
Jimmy Carr
Sean Lock",Jo Brand,29/09/2006,,,https://vk.com/videos-18564830?section=album_40812218&z=video-18564830_161191137%2Fclub18564830%2Calbum-18564830_40812218%2Fpl_album_40812218,,,
2 (38),"""Discoveries""","Clive Anderson
Vic Reeves
Arthur Smith",Vic Reeves,29/09/2006,,,https://vk.com/videos-18564830?section=album_40812218&z=video-18564830_456239067%2Fclub18564830%2Fpl_-18564830_40812218,,,
3 (39),"""Dogs""","Jeremy Clarkson
Neil Mullarkey
Liza Tarbuck",Neil Mullarkey,06/10/2006,,,https://vk.com/videos-18564830?section=album_40812218&z=video-18564830_162799441%2Fclub18564830%2Calbum-18564830_40812218%2Fpl_album_40812218,,,
4 (40),"""Dictionaries""","Ronni Ancona
Rory Bremner
Phill Jupitus",Ronni Ancona,13/10/2006,,,https://vk.com/videos-18564830?section=album_40812218&z=video-18564830_162799044%2Fclub18564830%2Calbum-18564830_40812218%2Fpl_album_40812218,,,
5 (41),"""Death""","Clive Anderson
Sean Lock
Andy Parsons",The Audience,20/10/2006,Hallowe'en,,https://vk.com/videos-18564830?section=album_40812218&z=video-18564830_162912878%2Fclub18564830%2Calbum-18564830_40812218%2Fpl_album_40812218,,,
6 (42),"""Drinks""","Jimmy Carr
Phill Jupitus
John Sessions",Alan Davies,27/10/2006,,,https://vk.com/videos-18564830?section=album_40812218&z=video-18564830_162926628%2Fclub18564830%2Calbum-18564830_40812218%2Fpl_album_40812218,,,
7 (43),"""Differences""","Jo Brand
Julian Clary
Dara Ó Briain",Dara Ó Briain,03/11/2006,,,https://vk.com/videos-18564830?section=album_40812218&z=video-18564830_162961147%2Fclub18564830%2Calbum-18564830_40812218%2Fpl_album_40812218,,,
8 (44),"""Descendants""","Rich Hall
Phill Jupitus
Jonathan Ross",Jonathan Ross,10/11/2006,Children in Need,,https://vk.com/videos-18564830?section=album_40812218&z=video-18564830_162997966%2Fclub18564830%2Calbum-18564830_40812218%2Fpl_album_40812218,,,
9 (45),"""Doves""","Andy Hamilton
David Mitchell
John Sessions",Alan Davies,17/11/2006,,,https://vk.com/videos-18564830?section=album_40812218&z=video-18564830_162997945%2Fclub18564830%2Calbum-18564830_40812218%2Fpl_album_40812218,,,
10 (46),"""Divination""","Graeme Garden
Phill Jupitus
Johnny Vaughan",Graeme Garden,24/11/2006,No Alan,,https://vk.com/videos-18564830?section=album_40812218&z=video-18564830_162799695%2Fclub18564830%2Calbum-18564830_40812218%2Fpl_album_40812218,,,
11 (47),"""Denial and Deprivation""","Roger McGough
Vic Reeves
Mark Steel",Roger McGough and Vic Reeves,01/12/2006,,,https://vk.com/videos-18564830?section=album_40812218&z=video-18564830_162997954%2Fclub18564830%2Calbum-18564830_40812218%2Fpl_album_40812218,,,
12 (48),"""Domesticity""","Jo Brand
Phill Jupitus
Jessica Stevenson",Jessica Stevenson,08/12/2006,,,https://vk.com/videos-18564830?section=album_40812218&z=video-18564830_163022739%2Fclub18564830%2Calbum-18564830_40812218%2Fpl_album_40812218,,,
13 (49),"""December""","Jo Brand
Rich Hall
Dara Ó Briain",Dara Ó Briain,15/12/2006,Christmas,,https://vk.com/videos-18564830?section=album_40812218&z=video-18564830_163022740%2Fclub18564830%2Calbum-18564830_40812218%2Fpl_album_40812218,,,
Series E,,,,,,,,,,
1 (50),"""Engineering""","Bill Bailey
Rob Brydon
Jimmy Carr",Rob Brydon,21/09/2007,,,https://vk.com/videos-18564830?section=album_40812221&z=video-18564830_161191135%2Fclub18564830%2Calbum-18564830_40812221%2Fpl_album_40812221,,,
2 (51),"""Electricity""","Jo Brand
Rich Hall
Sean Lock",Jo Brand,21/09/2007,,,https://vk.com/videos-18564830?section=album_40812221&z=video-18564830_161191131%2Fclub18564830%2Calbum-18564830_40812221%2Fpl_album_40812221,,,
3 (52),"""Eating""","Jimmy Carr
Phill Jupitus
Johnny Vegas",Alan Davies,28/09/2007,,,https://vk.com/videos-18564830?section=album_40812221&z=video-18564830_161191129%2Fclub18564830%2Calbum-18564830_40812221%2Fpl_album_40812221,,,
4 (53),"""Exploration""","Bill Bailey
Rich Hall
Sean Lock",Rich Hall,05/10/2007,,,https://vk.com/videos-18564830?section=album_40812221&z=video-18564830_161191128%2Fclub18564830%2Calbum-18564830_40812221%2Fpl_album_40812221,,,
5 (54),"""Europe""","Phill Jupitus
David Mitchell
Dara Ó Briain",Phill Jupitus,12/10/2007,,,https://vk.com/videos-18564830?section=album_40812221&z=video-18564830_161191126%2Fclub18564830%2Calbum-18564830_40812221%2Fpl_album_40812221,,,
6 (55),"""Everything, Etc.""","Clive Anderson
Jeremy Clarkson
Vic Reeves",Vic Reeves,19/10/2007,,,https://vk.com/videos-18564830?section=album_40812221&z=video-18564830_161191123%2Fclub18564830%2Calbum-18564830_40812221%2Fpl_album_40812221,,,
7 (56),"""Espionage""","Clive Anderson
Jo Brand
Vic Reeves",Clive Anderson and Vic Reeves,26/10/2007,,,https://vk.com/videos-18564830?section=album_40812221&z=video-18564830_161958944%2Fclub18564830%2Calbum-18564830_40812221%2Fpl_album_40812221,,,
8 (57),"""Eyes and Ears""","Jimmy Carr
Phill Jupitus
David Mitchell",Alan Davies,02/11/2007,,,https://vk.com/videos-18564830?section=album_40812221&z=video-18564830_161191120%2Fclub18564830%2Calbum-18564830_40812221%2Fpl_album_40812221,,,
9 (58),"""Entertainment""","Bill Bailey
Jo Brand
Jeremy Clarkson",Jeremy Clarkson,09/11/2007,Children in Need,,https://vk.com/videos-18564830?section=album_40812221&z=video-18564830_161958951%2Fclub18564830%2Calbum-18564830_40812221%2Fpl_album_40812221,,,
10 (59),"""England""","Charlie Higson
Phill Jupitus
Sean Lock",The Audience,16/11/2007,,,https://vk.com/videos-18564830?section=album_40812221&z=video-18564830_163178332%2Fclub18564830%2Calbum-18564830_40812221%2Fpl_album_40812221,,,
11 (60),"""Endings""","Jimmy Carr
Doon Mackichan
Dara Ó Briain",Jimmy Carr and Dara Ó Briain,23/11/2007,,,https://vk.com/videos-18564830?section=album_40812221&z=video-18564830_162891896%2Fclub18564830%2Calbum-18564830_40812221%2Fpl_album_40812221,,,
12 (61),"""Empire""","Bill Bailey
Jo Brand
Sean Lock",Alan Davies,07/12/2007,Christmas,,https://vk.com/videos-18564830?section=album_40812221&z=video-18564830_163855026%2Fclub18564830%2Calbum-18564830_40812221%2Fpl_album_40812221,,,
13,"""Elephants""",Compilation episode,N/A,14/12/2007,,,https://vk.com/videos-18564830?section=album_40812221&z=video-18564830_168930042%2Fclub18564830%2Calbum-18564830_40812221%2Fpl_album_40812221,,,
Series F,,,,,,,,,,
1 (62),"""Families""","Ronni Ancona
David Mitchell
Sir Terry Wogan",Ronni Ancona,14/11/2008,Children in Need,,https://vk.com/videos-18564830?section=album_40812222&z=video-18564830_168372496%2Fclub18564830%2Calbum-18564830_40812222%2Fpl_album_40812222,,,
2 (63),"""Fire and Freezing""","Clive Anderson
Rob Brydon
Dom Joly",Clive Anderson,22/12/2008,Christmas,,https://vk.com/videos-18564830?section=album_40812222&z=video-18564830_168585694%2Fclub18564830%2Calbum-18564830_40812222%2Fpl_album_40812222,,,
3 (64),"""Flotsam and Jetsam""","Rob Brydon
Andy Hamilton
Charlie Higson",Charlie Higson,"9 January 2009
10 January 2009 (XL edition)",,,,,https://vk.com/videos-18564830?section=album_40812222&z=video-18564830_169899022%2Fclub18564830%2Calbum-18564830_40812222%2Fpl_album_40812222,
4 (65),"""Fight or Flight""","Pam Ayres
Sean Lock
Johnny Vegas",Pam Ayres,"16 January 2009
17 January 2009 (XL edition)",,,,,https://vk.com/videos-18564830?section=album_40812222&z=video-18564830_167616998%2Fclub18564830%2Calbum-18564830_40812222%2Fpl_album_40812222,
5 (66),"""France""","Jo Brand
Hugh Dennis
Phill Jupitus",Hugh Dennis,"23 January 2009
24 January 2009 (XL edition)",,,,,https://vk.com/videos-18564830?section=album_40812222&z=video-18564830_169938330%2Fclub18564830%2Calbum-18564830_40812222%2Fpl_album_40812222,
6 (67),"""Fakes and Frauds""","Marcus Brigstocke
Jimmy Carr
Sean Lock",Sean Lock,"30 January 2009
31 January 2009 (XL edition)",,,,,https://vk.com/videos-18564830?section=album_40812222&z=video-18564830_170090952%2Fclub18564830%2Calbum-18564830_40812222%2Fpl_album_40812222,
7 (68),"""Fingers and Fumbs""","Jo Brand
Phill Jupitus
Dara Ó Briain",Phill Jupitus,"6 February 2009
7 February 2009 (XL edition)",,,,,https://vk.com/videos-18564830?section=album_40812222&z=video-18564830_168791072%2Fclub18564830%2Calbum-18564830_40812222%2Fpl_album_40812222,
8 (69),"""Fashion""","Clive Anderson
Rich Hall
Reginald D. Hunter",Rich Hall,"13 February 2009
14 February 2009 (XL edition)",,,,,https://vk.com/videos-18564830?section=album_40812222&z=video-18564830_170080958%2Fclub18564830%2Calbum-18564830_40812222%2Fpl_album_40812222,
9 (70),"""The Future""","Rob Brydon
Sean Lock
Ben Miller",Ben Miller,"20 February 2009
21 February 2009 (XL edition)",,,,,https://vk.com/videos-18564830?section=album_40812222&z=video-18564830_170168191%2Fclub18564830%2Calbum-18564830_40812222%2Fpl_album_40812222,
10 (71),"""Flora and Fauna""","Jo Brand
Jimmy Carr
John Sergeant",The Audience,"27 February 2009
28 February 2009 (XL edition)",,,,,https://vk.com/videos-18564830?section=album_40812222&z=video-18564830_161191111%2Fclub18564830%2Calbum-18564830_40812222%2Fpl_album_40812222,
11 (72),"""Films and Fame""","David Mitchell
John Sessions
Emma Thompson",Alan Davies,"6 March 2009
7 March 2009 (XL edition)",,,,,https://vk.com/videos-18564830?section=album_40812222&z=video-18564830_163597648%2Fclub18564830%2Calbum-18564830_40812222%2Fpl_album_40812222,
12 (73),"""Food""","Jimmy Carr
Rich Hall
David Mitchell",David Mitchell,"20 March 2009
21 March 2009 (XL edition)",,,,,https://vk.com/videos-18564830?section=album_40812222&z=video-18564830_163576791%2Fclub18564830%2Calbum-18564830_40812222%2Fpl_album_40812222,
Series G,,,,,,,,,,
1 (74),"""Gardens""","Rob Brydon
David Mitchell
Dara Ó Briain",David Mitchell and Dara Ó Briain,"26 November 2009
20 March 2010 (XL edition)",,,,,https://vk.com/videos-18564830?section=album_40812224&z=video-18564830_161191101%2Fclub18564830%2Calbum-18564830_40812224%2Fpl_album_40812224,
2 (75),"""G-Animals""","Bill Bailey
John Hodgman
Sean Lock
Sandi Toksvig",John Hodgman,"3 December 2009
12 October 2010 (XL edition)",,,,,https://vk.com/videos-18564830?section=album_40812224&z=video-18564830_164400185%2Fclub18564830%2Calbum-18564830_40812224%2Fpl_album_40812224,
3 (76),"""Games""","Phill Jupitus
Sean Lock
Liza Tarbuck",Liza Tarbuck,"10 December 2009
19 October 2010 (XL edition)",,,,,https://vk.com/videos-18564830?section=album_40812224&z=video-18564830_164503116%2Fclub18564830%2Calbum-18564830_40812224%2Fpl_album_40812224,
4 (77),"""Geography""","Jo Brand
Rob Brydon
Jimmy Carr",Alan Davies,"17 December 2009
23 December 2009 (XL edition)",,,,,https://vk.com/videos-18564830?section=album_40812224&z=video-18564830_161594796%2Fclub18564830%2Calbum-18564830_40812224%2Fpl_album_40812224,
5 (78),"""Groovy""","Bill Bailey
Lee Mack
David Tennant",Alan Davies,"24 December 2009
29 December 2009 (XL edition)",Christmas,,,,https://vk.com/videos-18564830?section=album_40812224&z=video-18564830_161191099%2Fclub18564830%2Calbum-18564830_40812224%2Fpl_album_40812224,
6 (79),"""Genius""","David Mitchell
Graham Norton
Dara Ó Briain",Alan Davies,"1 January 2010
2 January 2010 (XL edition)",,,,,https://vk.com/videos-18564830?section=album_40812224&z=video-18564830_162028174%2Fclub18564830%2Calbum-18564830_40812224%2Fpl_album_40812224,
7 (80),"""Girls and Boys""","Ronni Ancona
Jack Dee
Sandi Toksvig",Ronni Ancona and Sandi Toksvig,"8 January 2010
9 January 2010 (XL edition)",,,,,https://vk.com/videos-18564830?section=album_40812224&z=video-18564830_164419522%2Fclub18564830%2Calbum-18564830_40812224%2Fpl_album_40812224,
8 (81),"""Germany""","Jo Brand
Rob Brydon
Sean Lock",Jo Brand,"15 January 2010
16 January 2010 (XL edition)",,,,,https://vk.com/videos-18564830?section=album_40812224&z=video-18564830_456239059%2Fclub18564830%2Fpl_-18564830_40812224,
9 (82),"""Gallimaufrey""","Hugh Dennis
Andy Hamilton
Phill Jupitus",Hugh Dennis,"22 January 2010
23 January 2010 (XL edition)",,,,,https://vk.com/videos-18564830?section=album_40812224&z=video-18564830_168372736%2Fclub18564830%2Calbum-18564830_40812224%2Fpl_album_40812224,
10 (83),"""Greats""","Jo Brand
Sean Lock
David Mitchell",David Mitchell,"29 January 2010
30 January 2010 (XL edition)",,,,,https://vk.com/videos-18564830?section=album_40812224&z=video-18564830_166914663%2Fclub18564830%2Calbum-18564830_40812224%2Fpl_album_40812224,
11 (84),"""Gifts""","Clive Anderson
Jimmy Carr
Jan Ravens",Jan Ravens,"5 February 2010
6 February 2010 (XL edition)",,,,,https://vk.com/videos-18564830?section=album_40812224&z=video-18564830_167484837%2Fclub18564830%2Calbum-18564830_40812224%2Fpl_album_40812224,
12 (85),"""Gravity""","Bill Bailey
Rich Hall
Barry Humphries",Alan Davies and Rich Hall,"12 February 2010
13 February 2010 (XL edition)",,,,,https://vk.com/videos-18564830?section=album_40812224&z=video-18564830_167877369%2Fclub18564830%2Calbum-18564830_40812224%2Fpl_album_40812224,
13 (86),"""Gothic""","Jimmy Carr
Jack Dee
Sue Perkins",Alan Davies and Jack Dee,"19 February 2010
20 February 2010 (XL edition)",,,,,https://vk.com/videos-18564830?section=album_40812224&z=video-18564830_164373096%2Fclub18564830%2Calbum-18564830_40812224%2Fpl_album_40812224,
14 (87),"""Greeks""","Clive Anderson
Rich Hall
Phill Jupitus","Clive Anderson (QI) /
The Audience (QI XL)","5 March 2010
6 March 2010 (XL edition)",,,,,https://vk.com/videos-18564830?section=album_40812224&z=video-18564830_456239156%2Fclub18564830%2Fpl_-18564830_40812224,
15 (88),"""Green""","Bill Bailey
Danny Baker
Jeremy Clarkson",Bill Bailey,"26 March 2010
22 February 2011 (XL edition)",,,,,https://vk.com/videos-18564830?section=album_40812224&z=video-18564830_168644402%2Fclub18564830%2Calbum-18564830_40812224%2Fpl_album_40812224,
16 (89),"""Geometry""","Rob Brydon
David Mitchell
Johnny Vegas",Alan Davies,"2 April 2010
22 February 2011 (XL edition)",,,,,https://vk.com/videos-18564830?section=album_40812224&z=video-18564830_456239077%2Fclub18564830%2Fpl_-18564830_40812224,
17,"""QI VG: Series G Compilation Show 1""",N/A,N/A,05/04/2010,,https://vk.com/videos-18564830?section=album_45854433&z=video-18564830_163800936%2Fclub18564830%2Calbum-18564830_45854433%2Fpl_album_45854433,,,,
18,"""QI VG: Series G Compilation Show 2""",N/A,N/A,16/04/2010,,https://vk.com/videos-18564830?section=album_45854433&z=video-18564830_163800934%2Fclub18564830%2Calbum-18564830_45854433%2Fpl_album_45854433,,,,
Series H,,,,,,,,,,
1 (90),"""Hodge Podge""","Jack Dee
Phill Jupitus
Ross Noble",Jack Dee,"17 September 2010
18 September 2010 (XL edition)",,,,,https://vk.com/videos-18564830?section=album_40812226&z=video-18564830_161191096%2Fclub18564830%2Calbum-18564830_40812226%2Fpl_album_40812226,
2 (91),"""Hanatomy""","Bill Bailey
Gyles Brandreth
Sue Perkins",Gyles Brandreth and Sue Perkins,"24 September 2010
25 September 2010 (XL edition)",,,,,https://vk.com/videos-18564830?section=album_40812226&z=video-18564830_161191094%2Fclub18564830%2Calbum-18564830_40812226%2Fpl_album_40812226,
3 (92),"""Hoaxes""","Danny Baker
Sean Lock
David Mitchell",Sean Lock,"1 October 2010
2 October 2010 (XL edition)",,,,,https://vk.com/videos-18564830?section=album_40812226&z=video-18564830_161191093%2Fclub18564830%2Calbum-18564830_40812226%2Fpl_album_40812226,
4 (93),"""Humans""","Jo Brand
Jimmy Carr
Jack Dee",Jo Brand,"8 October 2010
9 October 2010 (XL edition)",,,,,https://vk.com/videos-18564830?section=album_40812226&z=video-18564830_161191092%2Fclub18564830%2Calbum-18564830_40812226%2Fpl_album_40812226,
5 (94),"""Hanimals""","Sean Lock
Ross Noble
Ruby Wax",Ross Noble,"15 October 2010
16 October 2010 (XL edition)",,,,,https://vk.com/videos-18564830?section=album_40812226&z=video-18564830_161191091%2Fclub18564830%2Calbum-18564830_40812226%2Fpl_album_40812226,
6 (95),"""Happiness""","Rich Hall
Andy Hamilton
Phill Jupitus",Phill Jupitus,"22 October 2010
23 October 2010 (XL edition)",,,,,https://vk.com/videos-18564830?section=album_40812226&z=video-18564830_161191089%2Fclub18564830%2Calbum-18564830_40812226%2Fpl_album_40812226,
7 (96),"""Horrible""","Chris Addison
Sean Lock
Dara Ó Briain",Dara Ó Briain,"29 October 2010
20 November 2010 (XL edition)",Hallowe'en,,,,https://vk.com/videos-18564830?section=album_40812226&z=video-18564830_163768016%2Fclub18564830%2Calbum-18564830_40812226%2Fpl_album_40812226,
8 (97),"""Hypothetical""","John Lloyd
Sandi Toksvig
Johnny Vegas",Sandi Toksvig,"5 November 2010
22 January 2011 (XL edition)",,,,,https://vk.com/videos-18564830?section=album_40812226&z=video-18564830_161191074%2Fclub18564830%2Calbum-18564830_40812226%2Fpl_album_40812226,
9 (98),"""House and Home""","Bill Bailey
Danny Baker
Eddie Izzard",Bill Bailey,"12 November 2010
29 January 2011 (XL edition)",,,,,https://vk.com/videos-18564830?section=album_40812226&z=video-18564830_167805133%2Fclub18564830%2Calbum-18564830_40812226%2Fpl_album_40812226,
10 (99),"""Health and Safety""","Jeremy Clarkson
David Mitchell
Ross Noble",David Mitchell,"26 November 2010
27 November 2010 (XL edition)",,,,,https://vk.com/videos-18564830?section=album_40812226&z=video-18564830_161191072%2Fclub18564830%2Calbum-18564830_40812226%2Fpl_album_40812226,
11 (100),"""Highs and Lows""","Rob Brydon
Fred MacAulay
Sandi Toksvig",Fred MacAulay,"3 December 2010
4 December 2010 (XL edition)",,,,,https://vk.com/videos-18564830?section=album_40812226&z=video-18564830_161191071%2Fclub18564830%2Calbum-18564830_40812226%2Fpl_album_40812226,
12 (101),"""Horses & Hunting""","Clare Balding
Jimmy Carr
Dara Ó Briain",Clare Balding,"10 December 2010
11 December 2010 (XL edition)",,,,,https://vk.com/videos-18564830?section=album_40812226&z=video-18564830_161191070%2Fclub18564830%2Calbum-18564830_40812226%2Fpl_album_40812226,
13 (102),"""Holidays""","Bill Bailey
Rob Brydon
Rich Hall",Rob Brydon,"17 December 2010
18 December 2010 (XL edition)",,,,,https://vk.com/videos-18564830?section=album_40812226&z=video-18564830_164183245%2Fclub18564830%2Calbum-18564830_40812226%2Fpl_album_40812226,
14 (103),"""Hocus Pocus""","Lee Mack
Graham Norton
Daniel Radcliffe",Daniel Radcliffe,"24 December 2010
29 December 2010 (XL edition)",Christmas,,,,https://vk.com/videos-18564830?section=album_40812226&z=video-18564830_161191069%2Fclub18564830%2Calbum-18564830_40812226%2Fpl_album_40812226,
15 (104),"""Hypnosis, Hallucinations & Hysteria""","Ronni Ancona
Phill Jupitus
Robert Webb",Phill Jupitus,"7 January 2011
8 January 2011 (XL edition)",,,,,https://vk.com/videos-18564830?section=album_40812226&z=video-18564830_161191068%2Fclub18564830%2Calbum-18564830_40812226%2Fpl_album_40812226,
16 (105),"""History""","Rob Brydon
David Mitchell
Sandi Toksvig",Rob Brydon,"14 January 2011
15 January 2011 (XL edition)",,,,,https://vk.com/videos-18564830?section=album_40812226&z=video-18564830_167613734%2Fclub18564830%2Calbum-18564830_40812226%2Fpl_album_40812226,
17,"""QI VG: Series H Compilation Show 1""",N/A,N/A,25/04/2011,,https://vk.com/videos-18564830?section=album_45854433&z=video-18564830_163801015%2Fclub18564830%2Calbum-18564830_45854433%2Fpl_album_45854433,,,,
18,"""QI VG: Series H Compilation Show 2""",N/A,N/A,02/05/2011,,https://vk.com/videos-18564830?section=album_45854433&z=video-18564830_163801019%2Fclub18564830%2Calbum-18564830_45854433%2Fpl_album_45854433,,,,
Comic Relief Special,,,,,,,,,,
N/A,"""Comic Relief special""","Jo Brand
Sue Perkins
Russell Tovey
David Walliams",David Walliams,06/03/2011,No Alan,https://vk.com/videos-18564830?q=comic%20relief%20qi&section=search&z=video132820740_161429233%2Fclub18564830,,,,
Series I,,,,,,,,,,
1 (106),"""I-Spy""","Jimmy Carr
Lee Mack
Sandi Toksvig",Sandi Toksvig,"9 September 2011
10 September 2011 (XL edition)",,,,,https://vk.com/videos-18564830?section=album_40812276&z=video-18564830_161191067%2Fclub18564830%2Calbum-18564830_40812276%2Fpl_album_40812276,
2 (107),"""International""","Bill Bailey
Jack Dee
David Mitchell",Bill Bailey,"16 September 2011
17 September 2011 (XL edition)",,,,,https://vk.com/videos-18564830?section=album_40812276&z=video-18564830_161191066%2Fclub18564830%2Calbum-18564830_40812276%2Fpl_album_40812276,
3 (108),"""Imbroglio""","John Bishop
Sean Lock
Frank Skinner",John Bishop and Frank Skinner,"23 September 2011
24 September 2011 (XL edition)",,,,,https://vk.com/videos-18564830?section=album_40812276&z=video-18564830_167804820%2Fclub18564830%2Calbum-18564830_40812276%2Fpl_album_40812276,
4 (109),"""Indecision""","Jimmy Carr
Rich Hall
Phill Jupitus",Phill Jupitus,"30 September 2011
1 October 2011 (XL edition)",,,,,https://vk.com/videos-18564830?section=album_40812276&z=video-18564830_168032989%2Fclub18564830%2Calbum-18564830_40812276%2Fpl_album_40812276,
5 (110),"""Invertebrates""","Jimmy Carr
Sarah Millican
Johnny Vegas",Johnny Vegas,"7 October 2011
8 October 2011 (XL edition)",,,,,https://vk.com/videos-18564830?section=album_40812276&z=video-18564830_163290692%2Fclub18564830%2Calbum-18564830_40812276%2Fpl_album_40812276,
6 (111),"""Inventive""","Bill Bailey
Nina Conti
Sean Lock",Nina Conti,"14 October 2011
15 October 2011 (XL edition)",,,,,https://vk.com/videos-18564830?section=album_40812276&z=video-18564830_169118234%2Fclub18564830%2Calbum-18564830_40812276%2Fpl_album_40812276,
7 (112),"""Incomprehensible""","Prof. Brian Cox
Ross Noble
Sue Perkins",Prof. Brian Cox,"21 October 2011
22 October 2011 (XL edition)",,,,,https://vk.com/videos-18564830?section=album_40812276&z=video-18564830_456239134%2Fclub18564830%2Fpl_-18564830_40812276,
8 (113),"""Inequality""","Clive Anderson
Sandi Toksvig
Henning Wehn",Sandi Toksvig,"28 October 2011
29 October 2011 (XL edition)",,,,,https://vk.com/videos-18564830?section=album_40812276&z=video-18564830_169879663%2Fclub18564830%2Calbum-18564830_40812276%2Fpl_album_40812276,
9 (114),"""Illness""","Jo Brand
Dr. Ben Goldacre
Andy Hamilton",Andy Hamilton,"4 November 2011
5 November 2011 (XL edition)",,,,,https://vk.com/videos-18564830?section=album_40812276&z=video-18564830_170197477%2Fclub18564830%2Calbum-18564830_40812276%2Fpl_album_40812276,
10 (115),"""Inland Revenue""","Al Murray
Dara Ó Briain
Sandi Toksvig",Sandi Toksvig,"11 November 2011
12 November 2011 (XL edition)",,,,,https://vk.com/videos-18564830?section=album_40812276&z=video-18564830_168431738%2Fclub18564830%2Calbum-18564830_40812276%2Fpl_album_40812276,
11 (116),"""Infantile""","Ronni Ancona
Dave Gorman
Lee Mack",Dave Gorman,"29 December 2011
19 November 2011 (XL edition)",,,,,https://vk.com/videos-18564830?section=album_40812276&z=video-18564830_167878102%2Fclub18564830%2Calbum-18564830_40812276%2Fpl_album_40812276,
12 (117),"""Illumination""","Chris Addison
Jack Dee
Rich Hall",Rich Hall,"25 November 2011
26 November 2011 (XL edition)",,,,,https://vk.com/videos-18564830?section=album_40812276&z=video-18564830_170185916%2Fclub18564830%2Calbum-18564830_40812276%2Fpl_album_40812276,
13 (118),"""Intelligence""","Jo Brand
Phill Jupitus
David Mitchell",ASIMO,"2 December 2011
3 December 2011 (XL edition)",,,,,https://vk.com/videos-18564830?section=album_40812276&z=video-18564830_167878175%2Fclub18564830%2Calbum-18564830_40812276%2Fpl_album_40812276,
14,"""QI VG: Series I Compilation Show 1""",N/A,N/A,16/12/2011,,https://vk.com/videos-18564830?section=album_45854433&z=video-18564830_163801043%2Fclub18564830%2Calbum-18564830_45854433%2Fpl_album_45854433,,,,
15,"""QI VG: Series I Compilation Show 2""",N/A,N/A,23/12/2011,,https://vk.com/videos-18564830?section=album_45854433&z=video-18564830_163801046%2Fclub18564830%2Calbum-18564830_45854433%2Fpl_album_45854433,,,,
16 (119),"""Ice""","Brian Blessed
Sean Lock
Ross Noble",Alan Davies,"29 December 2011
30 December 2011 (XL edition)",Christmas,,,https://vk.com/videos-18564830?section=album_40812276&z=video-18564830_163924497%2Fclub18564830%2Calbum-18564830_40812276%2Fpl_album_40812276,https://vk.com/videos-18564830?section=album_40812276&z=video-18564830_168598936%2Fclub18564830%2Calbum-18564830_40812276%2Fpl_album_40812276,
17 (120),"""The Immortal Bard""","Bill Bailey
David Mitchell
Sue Perkins",David Mitchell,"27 April 2012
19 May 2012 (XL edition)",Shakespeare,,,,https://vk.com/videos-18564830?section=album_40812276&z=video-18564830_164411585%2Fclub18564830%2Calbum-18564830_40812276%2Fpl_album_40812276,
18 (121),"""Idleness""","Jeremy Clarkson
Ross Noble
Dara Ó Briain",Alan Davies,"4 May 2012
24 May 2012 (XL edition)",,,https://vk.com/videos-18564830?section=album_40812276&z=video-18564830_169880828%2Fclub18564830%2Calbum-18564830_40812276%2Fpl_album_40812276,http://www.youtube.com/watch?v=zh4xsTNxCg0,,
Sport Relief Special,,,,,,,,,,
N/A,"""Sport Relief special""","Jimmy Carr
Lee Mack
Sandi Toksvig",Everyone,23/03/2012,,https://vk.com/videos-18564830?section=album_40812276&z=video-18564830_166914670%2Fclub18564830%2Calbum-18564830_40812276%2Fpl_album_40812276,,,,
Series J,,,,,,,,,,
1 (122),"""Jargon""","Bill Bailey
Jimmy Carr
Victoria Coren",Victoria Coren,"14 September 2012
15 September 2012 (XL edition)",,,,https://vk.com/videos-18564830?section=album_44573668&z=video-18564830_163223810%2Fclub18564830%2Calbum-18564830_44573668%2Fpl_album_44573668,https://vk.com/videos-18564830?section=album_44573668&z=video-18564830_163566618%2Fclub18564830%2Calbum-18564830_44573668%2Fpl_album_44573668,
2 (123),"""Jam, Jelly and Juice""","Jo Brand
Sue Perkins
Liza Tarbuck",Alan Davies,"21 September 2012
22 September 2012 (XL edition)",,,,https://vk.com/videos-18564830?section=album_44573668&z=video-18564830_163266303%2Fclub18564830%2Calbum-18564830_44573668%2Fpl_album_44573668,https://vk.com/videos-18564830?section=album_44573668&z=video-18564830_163640079%2Fclub18564830%2Calbum-18564830_44573668%2Fpl_album_44573668,
3 (124),"""Journeys""","Rob Brydon
Phill Jupitus
Cal Wilson",Alan Davies,"28 September 2012
29 September 2012 (XL edition)",,,,https://vk.com/videos-18564830?section=album_44573668&z=video-18564830_163317632%2Fclub18564830%2Calbum-18564830_44573668%2Fpl_album_44573668,https://vk.com/videos-18564830?section=album_44573668&z=video-18564830_163655824%2Fclub18564830%2Calbum-18564830_44573668%2Fpl_album_44573668,
4 (125),"""Jack and Jill""","Katy Brand
David Mitchell
Sue Perkins",David Mitchell,"5 October 2012
6 October 2012 (XL edition)",,,,https://vk.com/videos-18564830?section=album_44573668&z=video-18564830_163361442%2Fclub18564830%2Calbum-18564830_44573668%2Fpl_album_44573668,https://vk.com/videos-18564830?section=album_44573668&z=video-18564830_163669130%2Fclub18564830%2Calbum-18564830_44573668%2Fpl_album_44573668,
5 (126),"""J-Places""","Bill Bailey
Susan Calman
Sandi Toksvig",Susan Calman,"12 October 2012
13 October 2012 (XL edition)",,,,https://vk.com/videos-18564830?section=album_44573668&z=video-18564830_163404543%2Fclub18564830%2Calbum-18564830_44573668%2Fpl_album_44573668,https://vk.com/videos-18564830?section=album_44573668&z=video-18564830_167369302%2Fclub18564830%2Calbum-18564830_44573668%2Fpl_album_44573668,
6 (127),"""Joints""","Jimmy Carr
Jack Whitehall
Cal Wilson",Cal Wilson,"19 October 2012
20 October 2012 (XL edition)",,,,https://vk.com/videos-18564830?section=album_44573668&z=video-18564830_163452994%2Fclub18564830%2Calbum-18564830_44573668%2Fpl_album_44573668,https://vk.com/videos-18564830?section=album_44573668&z=video-18564830_163975142%2Fclub18564830%2Calbum-18564830_44573668%2Fpl_album_44573668,
7 (128),"""Journalism""","Shappi Khorsandi
Ross Noble
Johnny Vegas",Ross Noble,"26 October 2012
27 October 2012 (XL edition)",,,,https://vk.com/videos-18564830?section=album_44573668&z=video-18564830_163501313%2Fclub18564830%2Calbum-18564830_44573668%2Fpl_album_44573668,https://vk.com/videos-18564830?section=album_44573668&z=video-18564830_456239064%2Fclub18564830%2Fpl_-18564830_44573668,
8 (129),"""Jumble""","Jo Brand
Dara Ó Briain
John Sessions",Stephen Fry,"2 November 2012
3 November 2012 (XL edition)",,,,https://vk.com/videos-18564830?section=album_44573668&z=video-18564830_163552339%2Fclub18564830%2Calbum-18564830_44573668%2Fpl_album_44573668,https://vk.com/videos-18564830?section=album_44573668&z=video-18564830_164112067%2Fclub18564830%2Calbum-18564830_44573668%2Fpl_album_44573668,
9 (130),"""Jeopardy""","Ross Noble
Sue Perkins
Julia Zemiro",Sue Perkins,"9 November 2012
10 November 2012 (XL edition)",,,,https://vk.com/videos-18564830?section=album_44573668&z=video-18564830_163603071%2Fclub18564830%2Calbum-18564830_44573668%2Fpl_album_44573668,https://vk.com/videos-18564830?section=album_44573668&z=video-18564830_163975152%2Fclub18564830%2Calbum-18564830_44573668%2Fpl_album_44573668,
10 (131),"""Jungles""","Reginald D. Hunter
David O'Doherty
Greg Proops",Reginald D. Hunter,"23 November 2012
24 November 2012 (XL edition)",,,,https://vk.com/videos-18564830?section=album_44573668&z=video-18564830_163703292%2Fclub18564830%2Calbum-18564830_44573668%2Fpl_album_44573668,https://vk.com/videos-18564830?section=album_44573668&z=video-18564830_456239065%2Fclub18564830%2Fpl_-18564830_44573668,
11 (132),"""Jumpers""","Bill Bailey
Julian Clary
Ross Noble",Bill Bailey,"30 November 2012
1 December 2012 (XL edition)",,,,https://vk.com/videos-18564830?section=album_44573668&z=video-18564830_163769292%2Fclub18564830%2Calbum-18564830_44573668%2Fpl_album_44573668,https://vk.com/videos-18564830?section=album_44573668&z=video-18564830_456239063%2Fclub18564830%2Fpl_-18564830_44573668,
12 (133),"""Justice""","Prof. Brian Cox
Rhys Darby
Jason Manford",Alan Davies,"7 December 2012
8 December 2012 (XL edition)",,,,https://vk.com/videos-18564830?section=album_44573668&z=video-18564830_163800797%2Fclub18564830%2Calbum-18564830_44573668%2Fpl_album_44573668,https://vk.com/videos-18564830?section=album_44573668&z=video-18564830_164112082%2Fclub18564830%2Calbum-18564830_44573668%2Fpl_album_44573668,
13 (134),"""Jobs""","The Rev. Richard Coles
Sarah Millican
David Mitchell",The Rev. Richard Coles,"14 December 2012
16 December 2012 (XL edition)",,,,https://vk.com/videos-18564830?section=album_44573668&z=video-18564830_163903816%2Fclub18564830%2Calbum-18564830_44573668%2Fpl_album_44573668,https://vk.com/videos-18564830?section=album_44573668&z=video-18564830_163903816%2Fclub18564830%2Fpl_-18564830_44573668,
14 (135),"""Jingle Bells""","Danny Baker
Phill Jupitus
Sarah Millican",Danny Baker,"21 December 2012
29 December 2012 (XL edition)",Christmas,,,https://vk.com/videos-18564830?section=album_44573668&z=video-18564830_163971011%2Fclub18564830%2Calbum-18564830_44573668%2Fpl_album_44573668,https://vk.com/videos-18564830?section=album_44573668&z=video-18564830_164264148%2Fclub18564830%2Calbum-18564830_44573668%2Fpl_album_44573668,
15,"""QI VG: Series J Compilation Show 1""",N/A,N/A,28/12/2012,,https://vk.com/videos-18564830?section=album_45854433&z=video-18564830_163970842%2Fclub18564830%2Calbum-18564830_45854433%2Fpl_album_45854433,,,,
16,"""QI VG: Series J Compilation Show 2""",N/A,N/A,04/01/2013,,https://vk.com/videos-18564830?section=album_45854433&z=video-18564830_164012153%2Fclub18564830%2Calbum-18564830_45854433%2Fpl_album_45854433,,,,
17 (136),"""Jolly""","Rob Brydon
Tim Vine
Julia Zemiro",Alan Davies,"11 January 2013
12 January 2013 (XL edition)",,,,https://vk.com/videos-18564830?section=album_44573668&z=video-18564830_164068444%2Fclub18564830%2Calbum-18564830_44573668%2Fpl_album_44573668,https://vk.com/videos-18564830?section=album_44573668&z=video-18564830_167369303%2Fclub18564830%2Calbum-18564830_44573668%2Fpl_album_44573668,
18 (137),"""Just the Job""","Jeremy Clarkson
Jason Manford
Sandi Toksvig",Sandi Toksvig,"25 August 2013
31 August 2013 (XL edition)",,,,,https://vk.com/videos-18564830?section=album_44573668&z=video-18564830_166252531%2Fclub18564830%2Calbum-18564830_44573668%2Fpl_album_44573668,
Series K,,,,,,,,,,
1 (138),"""Knees and Knockers""","David Mitchell
Sara Pascoe
Jack Whitehall",Sara Pascoe,"6 September 2013
8 September 2013 (XL edition)",,,,,https://vk.com/videos-18564830?section=album_50235378&z=video-18564830_167369172%2Fclub18564830%2Calbum-18564830_50235378%2Fpl_album_50235378,
2 (139),"""Kit and Kaboodle""","Noel Fielding
Colin Lane
Ross Noble",Ross Noble,"13 September 2013
15 September 2013 (XL edition)",,,,,https://vk.com/videos-18564830?section=album_50235378&z=video-18564830_167369118%2Fclub18564830%2Calbum-18564830_50235378%2Fpl_album_50235378,
3 (140),"""K-Folk""","Phill Jupitus
Katherine Ryan
Josh Widdicombe",Alan Davies,"20 September 2013
22 September 2013 (XL edition)",,,,,https://vk.com/videos-18564830?section=album_50235378&z=video-18564830_166252570%2Fclub18564830%2Calbum-18564830_50235378%2Fpl_album_50235378,
4 (141),"""Knits and Knots""","David Mitchell
Ross Noble
Sue Perkins",David Mitchell,"27 September 2013
29 September 2013 (XL edition)",,,,,https://vk.com/videos-18564830?section=album_50235378&z=video-18564830_167369123%2Fclub18564830%2Calbum-18564830_50235378%2Fpl_album_50235378,
5 (142),"""Kings""","Bill Bailey
Jimmy Carr
Jeremy Clarkson",The Audience,"4 October 2013
6 October 2013 (XL edition)",,,,,https://vk.com/videos-18564830?section=album_50235378&z=video-18564830_167369131%2Fclub18564830%2Calbum-18564830_50235378%2Fpl_album_50235378,
6 (143),"""Killers""","Jason Manford
Trevor Noah
Sandi Toksvig",Sandi Toksvig,"11 October 2013
13 October 2013 (XL edition)",,,,,https://vk.com/videos-18564830?section=album_50235378&z=video-18564830_167369132%2Fclub18564830%2Calbum-18564830_50235378%2Fpl_album_50235378,
7 (144),"""Knowledge""","Jo Brand
Jimmy Carr
Graham Linehan",Alan Davies,"18 October 2013
20 October 2013 (XL edition)",,,,,https://vk.com/videos-18564830?section=album_50235378&z=video-18564830_166980935%2Fclub18564830%2Calbum-18564830_50235378%2Fpl_album_50235378,
8 (145),"""Keys""","Bill Bailey
Tim Minchin
Isy Suttie",Bill Bailey,"25 October 2013
27 October 2013 (XL edition)",,,,,https://vk.com/videos-18564830?section=album_50235378&z=video-18564830_167369141%2Fclub18564830%2Calbum-18564830_50235378%2Fpl_album_50235378,
9 (146),"""Kinetic""","Danny Baker
Jo Brand
Marcus Brigstocke",Danny Baker,"1 November 2013
3 November 2013 (XL edition)",,,,,https://vk.com/videos-18564830?section=album_50235378&z=video-18564830_169999014%2Fclub18564830%2Calbum-18564830_50235378%2Fpl_album_50235378,
10 (147),"""Keeps""","Bill Bailey
Jason Manford
Sarah Millican",Bill Bailey,"8 November 2013
23 December 2013 (XL edition)",,,,,https://vk.com/videos-18564830?section=album_50235378&z=video-18564830_167369147%2Fclub18564830%2Calbum-18564830_50235378%2Fpl_album_50235378,
11 (148),"""Kinky""","Janet Street-Porter
Sandi Toksvig
Johnny Vegas",Sandi Toksvig,"29 November 2013
30 November 2013 (XL edition)",,,,,https://vk.com/videos-18564830?section=album_50235378&z=video-18564830_167369149%2Fclub18564830%2Calbum-18564830_50235378%2Fpl_album_50235378,
12 (149),"""Knights and Knaves""","The Rev. Richard Coles
Victoria Coren Mitchell
Sue Perkins",The Rev. Richard Coles and Victoria Coren Mitchell,"6 December 2013
7 December 2013 (XL edition)",,,,,https://vk.com/videos-18564830?section=album_50235378&z=video-18564830_167369150%2Fclub18564830%2Calbum-18564830_50235378%2Fpl_album_50235378,
13 (150),"""Kitchen Sink""","Jason Manford
Richard Osman
Victoria Wood",Alan Davies,"13 December 2013
15 December 2013 (XL edition)",,,,,https://vk.com/videos-18564830?section=album_50235378&z=video-18564830_167369152%2Fclub18564830%2Calbum-18564830_50235378%2Fpl_album_50235378,
14 (151),"""Kris Kringle""","Jo Brand
Phill Jupitus
Brendan O'Carroll",Phill Jupitus,"24 December 2013 (XL edition)
29 December 2013",Christmas,,,,https://vk.com/videos-18564830?section=album_50235378&z=video-18564830_167369153%2Fclub18564830%2Calbum-18564830_50235378%2Fpl_album_50235378,
15 (152),"""Kitsch""","Jimmy Carr
Reginald D. Hunter
Sue Perkins",Jimmy Carr,"10 January 2014
11 January 2014 (XL edition)",,,,,https://vk.com/videos-18564830?section=album_50235378&z=video-18564830_167518880%2Fclub18564830%2Calbum-18564830_50235378%2Fpl_album_50235378,
16 (153),"""Kaleidoscope""","Susan Calman
Liza Tarbuck
Sandi Toksvig",Sandi Toksvig,"17 January 2014
18 January 2014 (XL edition)",,,,,https://vk.com/videos-18564830?section=album_50235378&z=video-18564830_167389337%2Fclub18564830%2Calbum-18564830_50235378%2Fpl_album_50235378,
17,"""QI VG: Series K Compilation Show 1""",N/A,N/A,24/01/2014,,http://www.youtube.com/watch?v=EWFkp7H0xXc,,,,
18,"""QI VG: Series K Compilation Show 2""",N/A,N/A,31/01/2014,,http://www.youtube.com/watch?v=te5PRkhUR9w,,,,
Series L,,,,,,,,,,
1 (154),"""L-Animals""","Colin Lane
Sarah Millican
Ross Noble",Ross Noble,"3 October 2014
5 October 2014 (XL edition)",,,,https://vk.com/videos-18564830?section=album_55093589&z=video-18564830_170072021%2Fclub18564830%2Calbum-18564830_55093589%2Fpl_album_55093589,https://vk.com/videos-18564830?section=album_55093589&z=video-18564830_170027563%2Fclub18564830%2Calbum-18564830_55093589%2Fpl_album_55093589,
2 (155),"""Location, Location, Location""","Aisling Bea
Jason Manford
Johnny Vegas",Jason Manford,"10 October 2014
11 October 2014 (XL edition)",,,,https://vk.com/videos-18564830?section=album_55093589&z=video-18564830_170076729%2Fclub18564830%2Calbum-18564830_55093589%2Fpl_album_55093589,https://vk.com/videos-18564830?section=album_55093589&z=video-18564830_170126050%2Fclub18564830%2Calbum-18564830_55093589%2Fpl_album_55093589,
3 (156),"""Literature""","Victoria Coren Mitchell
Lloyd Langford
Jack Whitehall",Victoria Coren Mitchell,"17 October 2014
18 October 2014 (XL edition)",,,,https://vk.com/videos-18564830?section=album_55093589&z=video-18564830_170164651%2Fclub18564830%2Calbum-18564830_55093589%2Fpl_album_55093589,https://vk.com/videos-18564830?section=album_55093589&z=video-18564830_170178046%2Fclub18564830%2Calbum-18564830_55093589%2Fpl_album_55093589,
4 (157),"""Levity""","Sue Perkins
Frank Skinner
Josh Widdicombe",Alan Davies,"24 October 2014
25 October 2014 (XL edition)",,,,https://vk.com/videos-18564830?section=album_55093589&z=video-18564830_170242886%2Fclub18564830%2Calbum-18564830_55093589%2Fpl_album_55093589,https://vk.com/videos-18564830?section=album_55093589&z=video-18564830_170319368%2Fclub18564830%2Calbum-18564830_55093589%2Fpl_album_55093589,
5 (158),"""Lenses""","Jo Brand
Phill Jupitus
Josh Widdicombe",Phill Jupitus,"31 October 2014
1 November 2014 (XL edition)",,,,https://vk.com/videos-18564830?section=album_55093589&z=video-18564830_170320055%2Fclub18564830%2Calbum-18564830_55093589%2Fpl_album_55093589,https://vk.com/videos-18564830?section=album_55093589&z=video-18564830_170384948%2Fclub18564830%2Calbum-18564830_55093589%2Fpl_album_55093589,
6 (159),"""Liblabble""","Bill Bailey
The Rev. Richard Coles
Sara Pascoe",Alan Davies,"7 November 2014
8 November 2014 (XL edition)",,,,https://vk.com/videos-18564830?section=album_55093589&z=video-18564830_170384399%2Fclub18564830%2Calbum-18564830_55093589%2Fpl_album_55093589,https://vk.com/videos-18564830?section=album_55093589&z=video-18564830_170592257%2Fclub18564830%2Calbum-18564830_55093589%2Fpl_album_55093589,
7 (160),"""Lethal""","Bill Bailey
Jason Manford
Sandi Toksvig",Sandi Toksvig,"21 November 2014
22 November 2014 (XL edition)",,,,https://vk.com/videos-18564830?section=album_55093589&z=video-18564830_170618383%2Fclub18564830%2Calbum-18564830_55093589%2Fpl_album_55093589,https://vk.com/videos-18564830?section=album_55093589&z=video-18564830_170644366%2Fclub18564830%2Calbum-18564830_55093589%2Fpl_album_55093589,
8 (161),"""Lovely""","Aisling Bea
Tony Hawks
Josh Widdicombe",Tony Hawks,"28 November 2014
29 November 2014 (XL edition)",,,,https://vk.com/videos-18564830?section=album_55093589&z=video-18564830_170621023%2Fclub18564830%2Calbum-18564830_55093589%2Fpl_album_55093589,https://vk.com/videos-18564830?section=album_55093589&z=video-18564830_170730862%2Fclub18564830%2Calbum-18564830_55093589%2Fpl_album_55093589,
9 (162),"""Ladies and Gents""","Kathy Lette
Ross Noble
Sue Perkins",Ross Noble,"5 December 2014
7 February 2015 (XL edition)",,https://vk.com/videos-18564830?section=album_55093589&z=video-18564830_170765382%2Fclub18564830%2Calbum-18564830_55093589%2Fpl_album_55093589,https://vk.com/videos-18564830?section=album_55093589&z=video-18564830_170775705%2Fclub18564830%2Calbum-18564830_55093589%2Fpl_album_55093589,https://vk.com/videos-18564830?section=album_55093589&z=video-18564830_171117736%2Fclub18564830%2Calbum-18564830_55093589%2Fpl_album_55093589,https://vk.com/videos-18564830?section=album_55093589&z=video-18564830_171114912%2Fclub18564830%2Calbum-18564830_55093589%2Fpl_album_55093589,
10 (163),"""Lying""","Adam Hills
Sara Pascoe
Jack Whitehall",Adam Hills,"12 December 2014
13 December 2014 (XL edition)",,,,https://vk.com/videos-18564830?section=album_55093589&z=video-18564830_170764987%2Fclub18564830%2Calbum-18564830_55093589%2Fpl_album_55093589,https://vk.com/videos-18564830?section=album_55093589&z=video-18564830_170825179%2Fclub18564830%2Calbum-18564830_55093589%2Fpl_album_55093589,
11 (164),"""Lumped Together""","Ronni Ancona
Jimmy Carr
David Mitchell",Alan Davies,"19 December 2014
21 December 2014 (XL edition)",,,,https://vk.com/videos-18564830?section=album_55093589&z=video-18564830_170879099%2Fclub18564830%2Calbum-18564830_55093589%2Fpl_album_55093589,https://vk.com/videos-18564830?section=album_55093589&z=video-18564830_170913018%2Fclub18564830%2Calbum-18564830_55093589%2Fpl_album_55093589,
12 (165),"""No-L""","Bill Bailey
Jimmy Carr
Carrie Fisher",Jimmy Carr,"25 December 2014
27 December 2014 (XL edition)",Christmas,,,https://vk.com/videos-18564830?section=album_55093589&z=video-18564830_170912808%2Fclub18564830%2Calbum-18564830_55093589%2Fpl_album_55093589,https://vk.com/videos-18564830?section=album_55093589&z=video-18564830_170914595%2Fclub18564830%2Calbum-18564830_55093589%2Fpl_album_55093589,
13 (166),"""Lucky Losers""","Danny Baker
Jeremy Clarkson
Sandi Toksvig",Danny Baker,"2 January 2015
4 January 2015 (XL edition)",,,,https://vk.com/videos-18564830?section=album_55093589&z=video-18564830_170925196%2Fclub18564830%2Calbum-18564830_55093589%2Fpl_album_55093589,https://vk.com/videos-18564830?section=album_55093589&z=video-18564830_170926324%2Fclub18564830%2Calbum-18564830_55093589%2Fpl_album_55093589,
14 (167),"""Little and Large""","Phill Jupitus
Richard Osman
Lucy Porter",Lucy Porter,"9 January 2015
11 January 2015 (XL edition)",,,,https://vk.com/videos-18564830?section=album_55093589&z=video-18564830_170930526%2Fclub18564830%2Calbum-18564830_55093589%2Fpl_album_55093589,https://vk.com/videos-18564830?section=album_55093589&z=video-18564830_456239141%2Fclub18564830%2Fpl_-18564830_55093589,
15 (168),"""Long Lost""","Jimmy Carr
Claudia O'Doherty
Suggs",Claudia O'Doherty,"16 January 2015
4 April 2015 (XL edition)",,https://vk.com/videos-18564830?section=album_55093589&z=video-18564830_170937076%2Fclub18564830%2Calbum-18564830_55093589%2Fpl_album_55093589,https://vk.com/videos-18564830?section=album_55093589&z=video-18564830_170940394%2Fclub18564830%2Calbum-18564830_55093589%2Fpl_album_55093589,https://vk.com/videos-18564830?section=album_55093589&z=video-18564830_171117635%2Fclub18564830%2Calbum-18564830_55093589%2Fpl_album_55093589,https://vk.com/videos-18564830?section=album_55093589&z=video-18564830_171117461%2Fclub18564830%2Calbum-18564830_55093589%2Fpl_album_55093589,
16 (169),"""Landmarks""","Jo Brand
Colin Lane
David Mitchell",Colin Lane,"23 January 2015
18 April 2015 (XL edition)",,https://vk.com/videos-18564830?section=album_55093589&z=video-18564830_170944531%2Fclub18564830%2Calbum-18564830_55093589%2Fpl_album_55093589,https://vk.com/videos-18564830?section=album_55093589&z=video-18564830_170946437%2Fclub18564830%2Calbum-18564830_55093589%2Fpl_album_55093589,https://vk.com/videos-18564830?section=album_55093589&z=video-18564830_171119104%2Fclub18564830%2Calbum-18564830_55093589%2Fpl_album_55093589,https://vk.com/videos-18564830?section=album_55093589&z=video-18564830_171119000%2Fclub18564830%2Calbum-18564830_55093589%2Fpl_album_55093589,
17,"""QI VG: Series L Compilation Show 1""",N/A,N/A,30/01/2015,,http://www.youtube.com/watch?v=Vhej0Yp_sn4,,,,
18,"""QI VG: Series L Compilation Show 2""",N/A,N/A,31/01/2015,,http://www.youtube.com/watch?v=dHMF-lNx0_g,,,,
Series M,,,,,,,,,,
1 (170),"""A Medley of Maladies""","Matt Lucas
Ross Noble
Lucy Porter",Lucy Porter,"16 October 2015
17 October 2015 (XL edition)",,,,https://vk.com/videos-18564830?section=album_55093590&z=video-18564830_171295300%2Fclub18564830%2Calbum-18564830_55093590%2Fpl_album_55093590,https://vk.com/videos-18564830?section=album_55093590&z=video-18564830_171302798%2Fclub18564830%2Calbum-18564830_55093590%2Fpl_album_55093590,
2 (171),"""Military Matters""","Jimmy Carr
Jeremy Clarkson
Sheila Hancock",Sheila Hancock,"23 October 2015
24 October 2015 (XL edition)",,,,https://vk.com/videos-18564830?section=album_55093590&z=video-18564830_171306102%2Fclub18564830%2Calbum-18564830_55093590%2Fpl_album_55093590,https://vk.com/videos-18564830?section=album_55093590&z=video-18564830_456239069%2Fclub18564830%2Fpl_-18564830_55093590,
3 (172),"""M-Places""","David Mitchell
Sue Perkins
Sami Shah",David Mitchell,"30 October 2015
14 November 2015 (XL edition)",,https://vk.com/videos-18564830?section=album_55093590&z=video-18564830_171318181%2Fclub18564830%2Calbum-18564830_55093590%2Fpl_album_55093590,https://vk.com/videos-18564830?section=album_55093590&z=video-18564830_171320161%2Fclub18564830%2Calbum-18564830_55093590%2Fpl_album_55093590,https://vk.com/videos-18564830?section=album_55093590&z=video-18564830_171344665%2Fclub18564830%2Calbum-18564830_55093590%2Fpl_album_55093590,https://vk.com/videos-18564830?section=album_55093590&z=video-18564830_456239071%2Fclub18564830%2Fpl_-18564830_55093590,
4 (173),"""Miscellany""","Noel Fielding
Rhod Gilbert
Cariad Lloyd",Cariad Lloyd,"6 November 2015
7 November 2015 (XL edition)",,,,https://vk.com/videos-18564830?section=album_55093590&z=video-18564830_171330904%2Fclub18564830%2Calbum-18564830_55093590%2Fpl_album_55093590,https://vk.com/videos-18564830?section=album_55093590&z=video-18564830_171335585%2Fclub18564830%2Calbum-18564830_55093590%2Fpl_album_55093590,
5 (174),"""Maths""","Aisling Bea
Susan Calman
Sandi Toksvig",Aisling Bea,"20 November 2015
21 November 2015 (XL edition)",,,,https://vk.com/videos-18564830?section=album_55093590&z=video-18564830_171358284%2Fclub18564830%2Calbum-18564830_55093590%2Fpl_album_55093590,https://vk.com/videos-18564830?section=album_55093590&z=video-18564830_171366510%2Fclub18564830%2Calbum-18564830_55093590%2Fpl_album_55093590,
6 (175),"""Marriage and Mating""","Bill Bailey
Jo Brand
Greg Davies",Jo Brand,"27 November 2015
28 November 2015 (XL edition)",,,,https://vk.com/videos-18564830?section=album_55093590&z=video-18564830_171366933%2Fclub18564830%2Calbum-18564830_55093590%2Fpl_album_55093590,https://vk.com/videos-18564830?section=album_55093590&z=video-18564830_171376135%2Fclub18564830%2Calbum-18564830_55093590%2Fpl_album_55093590,
7 (176),"""Middle Muddle""","Aisling Bea
Danny Bhoy
Jimmy Carr",Danny Bhoy,"11 December 2015
12 December 2015 (XL edition)",,,,https://vk.com/videos-18564830?section=album_55093590&z=video-18564830_171391269%2Fclub18564830%2Calbum-18564830_55093590%2Fpl_album_55093590,https://vk.com/videos-18564830?section=album_55093590&z=video-18564830_171402163%2Fclub18564830%2Calbum-18564830_55093590%2Fpl_album_55093590,
8 (177),"""Merriment""","Bill Bailey
Jenny Eclair
Johnny Vegas",Alan Davies,"19 December 2015 (XL edition)
25 December 2015",Christmas,,,https://vk.com/videos-18564830?section=album_55093590&z=video-18564830_171408927%2Fclub18564830%2Calbum-18564830_55093590%2Fpl_album_55093590,https://vk.com/videos-18564830?section=album_55093590&z=video-18564830_171422214%2Fclub18564830%2Calbum-18564830_55093590%2Fpl_album_55093590,
9 (178),"""Messing With Your Mind""","Sarah Millican
Tommy Tiernan
Josh Widdicombe",Tommy Tiernan,"29 December 2015
2 January 2016 (XL edition)",,,,https://vk.com/videos-18564830?section=album_55093590&z=video-18564830_171435021%2Fclub18564830%2Calbum-18564830_55093590%2Fpl_album_55093590,https://vk.com/videos-18564830?section=album_55093590&z=video-18564830_171453668%2Fclub18564830%2Calbum-18564830_55093590%2Fpl_album_55093590,
10 (179),"""Making a Meal of It""","Phill Jupitus
Cariad Lloyd
Dermot O'Leary",Phill Jupitus,"8 January 2016
9 January 2016 (XL edition)",,,,https://vk.com/videos-18564830?section=album_55093590&z=video-18564830_171451802%2Fclub18564830%2Calbum-18564830_55093590%2Fpl_album_55093590,https://vk.com/videos-18564830?section=album_55093590&z=video-18564830_171464588%2Fclub18564830%2Calbum-18564830_55093590%2Fpl_album_55093590,
11 (180),"""Menagerie""","Bill Bailey
Sue Perkins
Romesh Ranganathan",Bill Bailey,"15 January 2016
16 January 2016 (XL edition)",,,,https://vk.com/videos-18564830?section=album_55093590&z=video-18564830_171464963%2Fclub18564830%2Calbum-18564830_55093590%2Fpl_album_55093590,https://vk.com/videos-18564830?section=album_55093590&z=video-18564830_456239060%2Fclub18564830%2Fpl_-18564830_55093590,
12 (181),"""Medieval and Macabre""","Matt Lucas
David Mitchell
Julia Zemiro",Matt Lucas and Julia Zemiro,"22 January 2016
23 January 2016 (XL edition)",,,,https://vk.com/videos-18564830?section=album_55093590&z=video-18564830_171478023%2Fclub18564830%2Calbum-18564830_55093590%2Fpl_album_55093590,https://vk.com/videos-18564830?section=album_55093590&z=video-18564830_456239061%2Fclub18564830%2Fpl_-18564830_55093590,
13 (182),"""Monster Mash""","Phill Jupitus
Sara Pascoe
Josh Widdicombe",Phill Jupitus,"29 January 2016
22 February 2016 (XL edition)",,https://vk.com/videos-18564830?section=album_55093590&z=video-18564830_171494218%2Fclub18564830%2Calbum-18564830_55093590%2Fpl_album_55093590,https://vk.com/videos-18564830?section=album_55093590&z=video-18564830_171506918%2Fclub18564830%2Calbum-18564830_55093590%2Fpl_album_55093590,https://vk.com/videos-18564830?section=album_55093590&z=video-18564830_171542770%2Fclub18564830%2Calbum-18564830_55093590%2Fpl_album_55093590,https://vk.com/videos-18564830?section=album_55093590&z=video-18564830_171543068%2Fclub18564830%2Calbum-18564830_55093590%2Fpl_album_55093590,
14 (183),"""Messy""","Noel Fielding
Eddie Kadi
Sarah Millican",Alan Davies,"5 February 2016
29 February 2016 (XL edition)",,https://vk.com/videos-18564830?section=album_55093590&z=video-18564830_171505594%2Fclub18564830%2Calbum-18564830_55093590%2Fpl_album_55093590,https://vk.com/videos-18564830?section=album_55093590&z=video-18564830_171511905%2Fclub18564830%2Calbum-18564830_55093590%2Fpl_album_55093590,https://vk.com/videos-18564830?section=album_55093590&z=video-18564830_456239017%2Fclub18564830%2Calbum-18564830_55093590%2Fpl_album_55093590,https://vk.com/videos-18564830?section=album_55093590&z=video-18564830_456239018%2Fclub18564830%2Calbum-18564830_55093590%2Fpl_album_55093590,
15 (184),"""Mix and Match""","James Acaster
Bill Bailey
Jo Brand",Jo Brand,"12 February 2016
4 April 2016 (XL edition)",,https://vk.com/videos-18564830?section=album_55093590&z=video-18564830_171520711%2Fclub18564830%2Calbum-18564830_55093590%2Fpl_album_55093590,https://vk.com/videos-18564830?section=album_55093590&z=video-18564830_171534584%2Fclub18564830%2Calbum-18564830_55093590%2Fpl_album_55093590,https://vk.com/videos-18564830?section=album_55093590&z=video-18564830_456239024%2Fclub18564830%2Calbum-18564830_55093590%2Fpl_album_55093590,https://vk.com/videos-18564830?section=album_55093590&z=video-18564830_456239029%2Fclub18564830%2Calbum-18564830_55093590%2Fpl_album_55093590,
16 (185),"""Misconceptions""","Chris Addison
Sara Cox
Sue Perkins",Chris Addison,"19 February 2016
28 March 2016 (XL edition)",,https://vk.com/videos-18564830?section=album_55093590&z=video-18564830_171534667%2Fclub18564830%2Calbum-18564830_55093590%2Fpl_album_55093590,https://vk.com/videos-18564830?section=album_55093590&z=video-18564830_171541211%2Fclub18564830%2Calbum-18564830_55093590%2Fpl_album_55093590,https://vk.com/videos-18564830?section=album_55093590&z=video-18564830_456239019%2Fclub18564830%2Calbum-18564830_55093590%2Fpl_album_55093590,https://vk.com/videos-18564830?section=album_55093590&z=video-18564830_456239030%2Fclub18564830%2Calbum-18564830_55093590%2Fpl_album_55093590,
17,"""QI VG: Series M Compilation Show 1""",N/A,N/A,04/03/2016,,http://www.youtube.com/watch?v=voeOVqxQWyU,,,,
18,"""QI VG: Series M Compilation Show 2""",N/A,N/A,25/03/2016,,http://www.youtube.com/watch?v=oug9qXkRM4Q,,,,
Extras,,,,,,,,,,
,A Series Extras,,,,,https://vk.com/videos-18564830?section=album_40812189&z=video-18564830_162672300%2Fclub18564830%2Calbum-18564830_40812189%2Fpl_album_40812189,,,,
,B Series Extras,,,,,,https://vk.com/videos-18564830?section=album_40812203&z=video-18564830_163317532%2Fclub18564830%2Calbum-18564830_40812203%2Fpl_album_40812203,,,https://vk.com/videos-18564830?section=album_40812203&z=video-18564830_162690189%2Fclub18564830%2Calbum-18564830_40812203%2Fpl_album_40812203
,C Series Extras,,,,,,https://vk.com/videos-18564830?section=album_40812216&z=video-18564830_163259152%2Fclub18564830%2Calbum-18564830_40812216%2Fpl_album_40812216,,,